# Digitized from Liu et al. (2024), Nonlinear Dynamics 112:21701-21728,
# Fig. 11 (p. 21717). NOT the authors' data: these values were recovered
# from the published raster by color-keyed pixel extraction and carry a
# reading uncertainty of roughly two pixels. Per-panel pixel resolution:
#   panel a (x_R): 0.03429 m / px
#   panel b (y_ddot_L): 0.4762 m/s^2 / px
#   panel c (gamma_dot): 0.2353 deg/s / px
# Quote to no more than two significant figures.
panel,quantity,unit,series,t_s,value

a,x_R,m,adams,0.012891,0.0

a,x_R,m,adams,0.029297,0.017143

a,x_R,m,adams,0.045703,0.051429

a,x_R,m,adams,0.059766,0.102857

a,x_R,m,adams,0.062109,0.102857

a,x_R,m,adams,0.076172,0.154286

a,x_R,m,adams,0.090234,0.222857

a,x_R,m,adams,0.092578,0.24

a,x_R,m,adams,0.106641,0.308571

a,x_R,m,adams,0.120703,0.394286

a,x_R,m,adams,0.123047,0.394286

a,x_R,m,adams,0.134766,0.497143

a,x_R,m,adams,0.137109,0.514286

a,x_R,m,adams,0.151172,0.617143

a,x_R,m,adams,0.162891,0.737143

a,x_R,m,adams,0.165234,0.737143

a,x_R,m,adams,0.176953,0.857143

a,x_R,m,adams,0.179297,0.874286

a,x_R,m,adams,0.191016,0.994286

a,x_R,m,adams,0.202734,1.131429

a,x_R,m,adams,0.205078,1.148571

a,x_R,m,adams,0.216797,1.268571

a,x_R,m,adams,0.228516,1.422857

a,x_R,m,adams,0.230859,1.422857

a,x_R,m,adams,0.240234,1.577143

a,x_R,m,adams,0.242578,1.594286

a,x_R,m,adams,0.251953,1.731429

a,x_R,m,adams,0.254297,1.731429

a,x_R,m,adams,0.263672,1.902857

a,x_R,m,adams,0.266016,1.902857

a,x_R,m,adams,0.275391,2.057143

a,x_R,m,adams,0.277734,2.074286

a,x_R,m,adams,0.287109,2.228571

a,x_R,m,adams,0.296484,2.417143

a,x_R,m,adams,0.298828,2.417143

a,x_R,m,adams,0.308203,2.571429

a,x_R,m,adams,0.310547,2.588571

a,x_R,m,adams,0.317578,2.76

a,x_R,m,adams,0.319922,2.76

a,x_R,m,adams,0.329297,2.948571

a,x_R,m,liu,0.001172,0.0

a,x_R,m,liu,0.003516,0.0

a,x_R,m,liu,0.005859,0.0

a,x_R,m,liu,0.008203,0.0

a,x_R,m,liu,0.010547,0.017143

a,x_R,m,liu,0.017578,0.017143

a,x_R,m,liu,0.019922,0.017143

a,x_R,m,liu,0.022266,0.017143

a,x_R,m,liu,0.024609,0.017143

a,x_R,m,liu,0.033984,0.034286

a,x_R,m,liu,0.036328,0.034286

a,x_R,m,liu,0.038672,0.034286

a,x_R,m,liu,0.041016,0.051429

a,x_R,m,liu,0.048047,0.085714

a,x_R,m,liu,0.050391,0.068571

a,x_R,m,liu,0.052734,0.068571

a,x_R,m,liu,0.055078,0.085714

a,x_R,m,liu,0.057422,0.085714

a,x_R,m,liu,0.064453,0.12

a,x_R,m,liu,0.066797,0.12

a,x_R,m,liu,0.069141,0.137143

a,x_R,m,liu,0.071484,0.137143

a,x_R,m,liu,0.073828,0.154286

a,x_R,m,liu,0.080859,0.171429

a,x_R,m,liu,0.083203,0.188571

a,x_R,m,liu,0.085547,0.205714

a,x_R,m,liu,0.087891,0.205714

a,x_R,m,liu,0.094922,0.257143

a,x_R,m,liu,0.097266,0.257143

a,x_R,m,liu,0.099609,0.274286

a,x_R,m,liu,0.101953,0.291429

a,x_R,m,liu,0.104297,0.291429

a,x_R,m,liu,0.111328,0.342857

a,x_R,m,liu,0.113672,0.36

a,x_R,m,liu,0.116016,0.377143

a,x_R,m,liu,0.118359,0.377143

a,x_R,m,liu,0.125391,0.428571

a,x_R,m,liu,0.127734,0.445714

a,x_R,m,liu,0.130078,0.462857

a,x_R,m,liu,0.132422,0.48

a,x_R,m,liu,0.139453,0.531429

a,x_R,m,liu,0.141797,0.548571

a,x_R,m,liu,0.144141,0.565714

a,x_R,m,liu,0.146484,0.582857

a,x_R,m,liu,0.153516,0.651429

a,x_R,m,liu,0.155859,0.668571

a,x_R,m,liu,0.158203,0.685714

a,x_R,m,liu,0.160547,0.702857

a,x_R,m,liu,0.167578,0.771429

a,x_R,m,liu,0.169922,0.788571

a,x_R,m,liu,0.172266,0.822857

a,x_R,m,liu,0.174609,0.822857

a,x_R,m,liu,0.181641,0.891429

a,x_R,m,liu,0.183984,0.925714

a,x_R,m,liu,0.186328,0.96

a,x_R,m,liu,0.188672,0.977143

a,x_R,m,liu,0.193359,1.028571

a,x_R,m,liu,0.195703,1.045714

a,x_R,m,liu,0.198047,1.062857

a,x_R,m,liu,0.200391,1.097143

a,x_R,m,liu,0.207422,1.165714

a,x_R,m,liu,0.209766,1.2

a,x_R,m,liu,0.212109,1.234286

a,x_R,m,liu,0.214453,1.251429

a,x_R,m,liu,0.219141,1.32

a,x_R,m,liu,0.221484,1.337143

a,x_R,m,liu,0.223828,1.371429

a,x_R,m,liu,0.226172,1.388571

a,x_R,m,liu,0.230859,1.474286

a,x_R,m,liu,0.233203,1.474286

a,x_R,m,liu,0.235547,1.508571

a,x_R,m,liu,0.237891,1.542857

a,x_R,m,liu,0.242578,1.628571

a,x_R,m,liu,0.244922,1.645714

a,x_R,m,liu,0.247266,1.68

a,x_R,m,liu,0.249609,1.697143

a,x_R,m,liu,0.254297,1.8

a,x_R,m,liu,0.256641,1.782857

a,x_R,m,liu,0.258984,1.817143

a,x_R,m,liu,0.261328,1.851429

a,x_R,m,liu,0.266016,1.954286

a,x_R,m,liu,0.268359,1.971429

a,x_R,m,liu,0.270703,2.005714

a,x_R,m,liu,0.273047,2.022857

a,x_R,m,liu,0.277734,2.125714

a,x_R,m,liu,0.280078,2.142857

a,x_R,m,liu,0.282422,2.194286

a,x_R,m,liu,0.284766,2.211429

a,x_R,m,liu,0.289453,2.297143

a,x_R,m,liu,0.291797,2.331429

a,x_R,m,liu,0.294141,2.365714

a,x_R,m,liu,0.298828,2.451429

a,x_R,m,liu,0.301172,2.468571

a,x_R,m,liu,0.303516,2.52

a,x_R,m,liu,0.305859,2.537143

a,x_R,m,liu,0.310547,2.64

a,x_R,m,liu,0.312891,2.674286

a,x_R,m,liu,0.315234,2.708571

a,x_R,m,liu,0.319922,2.828571

a,x_R,m,liu,0.322266,2.845714

a,x_R,m,liu,0.324609,2.88

a,x_R,m,liu,0.326953,2.897143

b,y_ddot_L,m/s^2,adams,0.011719,-4.761905

b,y_ddot_L,m/s^2,adams,0.014062,-5.0

b,y_ddot_L,m/s^2,adams,0.021094,22.857143

b,y_ddot_L,m/s^2,adams,0.021094,19.52381

b,y_ddot_L,m/s^2,adams,0.021094,16.428571

b,y_ddot_L,m/s^2,adams,0.021094,13.095238

b,y_ddot_L,m/s^2,adams,0.021094,9.761905

b,y_ddot_L,m/s^2,adams,0.021094,6.666667

b,y_ddot_L,m/s^2,adams,0.021094,3.333333

b,y_ddot_L,m/s^2,adams,0.021094,0.0

b,y_ddot_L,m/s^2,adams,0.021094,-3.095238

b,y_ddot_L,m/s^2,adams,0.023438,22.857143

b,y_ddot_L,m/s^2,adams,0.023438,19.761905

b,y_ddot_L,m/s^2,adams,0.023438,16.428571

b,y_ddot_L,m/s^2,adams,0.023438,13.095238

b,y_ddot_L,m/s^2,adams,0.025781,26.666667

b,y_ddot_L,m/s^2,adams,0.025781,23.333333

b,y_ddot_L,m/s^2,adams,0.025781,20.0

b,y_ddot_L,m/s^2,adams,0.025781,16.904762

b,y_ddot_L,m/s^2,adams,0.028125,13.571429

b,y_ddot_L,m/s^2,adams,0.028125,10.47619

b,y_ddot_L,m/s^2,adams,0.030469,10.47619

b,y_ddot_L,m/s^2,adams,0.030469,7.142857

b,y_ddot_L,m/s^2,adams,0.030469,3.809524

b,y_ddot_L,m/s^2,adams,0.030469,0.47619

b,y_ddot_L,m/s^2,adams,0.032813,0.47619

b,y_ddot_L,m/s^2,adams,0.032813,-2.619048

b,y_ddot_L,m/s^2,adams,0.0375,-5.0

b,y_ddot_L,m/s^2,adams,0.044531,-6.904762

b,y_ddot_L,m/s^2,adams,0.044531,-10.238095

b,y_ddot_L,m/s^2,adams,0.046875,-10.238095

b,y_ddot_L,m/s^2,adams,0.046875,-13.333333

b,y_ddot_L,m/s^2,adams,0.049219,-7.142857

b,y_ddot_L,m/s^2,adams,0.049219,-10.47619

b,y_ddot_L,m/s^2,adams,0.051562,2.380952

b,y_ddot_L,m/s^2,adams,0.051562,-0.952381

b,y_ddot_L,m/s^2,adams,0.051562,-4.285714

b,y_ddot_L,m/s^2,adams,0.053906,11.904762

b,y_ddot_L,m/s^2,adams,0.053906,8.809524

b,y_ddot_L,m/s^2,adams,0.053906,5.47619

b,y_ddot_L,m/s^2,adams,0.053906,2.380952

b,y_ddot_L,m/s^2,adams,0.053906,-0.952381

b,y_ddot_L,m/s^2,adams,0.05625,15.238095

b,y_ddot_L,m/s^2,adams,0.05625,12.142857

b,y_ddot_L,m/s^2,adams,0.058594,13.333333

b,y_ddot_L,m/s^2,adams,0.060937,13.333333

b,y_ddot_L,m/s^2,adams,0.060937,10.238095

b,y_ddot_L,m/s^2,adams,0.060937,6.904762

b,y_ddot_L,m/s^2,adams,0.063281,6.904762

b,y_ddot_L,m/s^2,adams,0.063281,3.571429

b,y_ddot_L,m/s^2,adams,0.063281,0.47619

b,y_ddot_L,m/s^2,adams,0.063281,-2.857143

b,y_ddot_L,m/s^2,adams,0.065625,-2.857143

b,y_ddot_L,m/s^2,adams,0.070312,-5.0

b,y_ddot_L,m/s^2,adams,0.077344,6.666667

b,y_ddot_L,m/s^2,adams,0.077344,3.571429

b,y_ddot_L,m/s^2,adams,0.077344,0.238095

b,y_ddot_L,m/s^2,adams,0.077344,-3.095238

b,y_ddot_L,m/s^2,adams,0.082031,9.52381

b,y_ddot_L,m/s^2,adams,0.082031,6.190476

b,y_ddot_L,m/s^2,adams,0.082031,2.857143

b,y_ddot_L,m/s^2,adams,0.082031,-0.47619

b,y_ddot_L,m/s^2,adams,0.082031,-3.571429

b,y_ddot_L,m/s^2,adams,0.084375,-0.47619

b,y_ddot_L,m/s^2,adams,0.084375,-3.571429

b,y_ddot_L,m/s^2,adams,0.091406,-5.0

b,y_ddot_L,m/s^2,adams,0.09375,-5.0

b,y_ddot_L,m/s^2,adams,0.100781,0.0

b,y_ddot_L,m/s^2,adams,0.100781,-3.333333

b,y_ddot_L,m/s^2,adams,0.103125,9.761905

b,y_ddot_L,m/s^2,adams,0.103125,6.428571

b,y_ddot_L,m/s^2,adams,0.103125,3.333333

b,y_ddot_L,m/s^2,adams,0.103125,0.0

b,y_ddot_L,m/s^2,adams,0.105469,13.095238

b,y_ddot_L,m/s^2,adams,0.105469,9.761905

b,y_ddot_L,m/s^2,adams,0.105469,6.666667

b,y_ddot_L,m/s^2,adams,0.107812,10.714286

b,y_ddot_L,m/s^2,adams,0.110156,10.714286

b,y_ddot_L,m/s^2,adams,0.110156,7.380952

b,y_ddot_L,m/s^2,adams,0.110156,4.285714

b,y_ddot_L,m/s^2,adams,0.1125,4.285714

b,y_ddot_L,m/s^2,adams,0.1125,0.952381

b,y_ddot_L,m/s^2,adams,0.1125,-2.380952

b,y_ddot_L,m/s^2,adams,0.114844,-2.380952

b,y_ddot_L,m/s^2,adams,0.114844,-5.47619

b,y_ddot_L,m/s^2,adams,0.117188,-3.809524

b,y_ddot_L,m/s^2,adams,0.117188,-5.47619

b,y_ddot_L,m/s^2,adams,0.117188,-9.206349

b,y_ddot_L,m/s^2,adams,0.119531,-10.0

b,y_ddot_L,m/s^2,adams,0.121875,-7.142857

b,y_ddot_L,m/s^2,adams,0.126562,-4.761905

b,y_ddot_L,m/s^2,adams,0.128906,-1.428571

b,y_ddot_L,m/s^2,adams,0.128906,-4.52381

b,y_ddot_L,m/s^2,adams,0.13125,5.0

b,y_ddot_L,m/s^2,adams,0.13125,1.904762

b,y_ddot_L,m/s^2,adams,0.13125,-2.380952

b,y_ddot_L,m/s^2,adams,0.133594,15.0

b,y_ddot_L,m/s^2,adams,0.133594,11.666667

b,y_ddot_L,m/s^2,adams,0.133594,8.333333

b,y_ddot_L,m/s^2,adams,0.133594,5.0

b,y_ddot_L,m/s^2,adams,0.133594,1.904762

b,y_ddot_L,m/s^2,adams,0.135937,15.714286

b,y_ddot_L,m/s^2,adams,0.138281,15.238095

b,y_ddot_L,m/s^2,adams,0.138281,10.714286

b,y_ddot_L,m/s^2,adams,0.138281,7.619048

b,y_ddot_L,m/s^2,adams,0.140625,10.714286

b,y_ddot_L,m/s^2,adams,0.140625,7.380952

b,y_ddot_L,m/s^2,adams,0.145312,4.52381

b,y_ddot_L,m/s^2,adams,0.145312,1.190476

b,y_ddot_L,m/s^2,adams,0.145312,-1.904762

b,y_ddot_L,m/s^2,adams,0.15,-5.0

b,y_ddot_L,m/s^2,adams,0.152344,-5.0

b,y_ddot_L,m/s^2,adams,0.157031,-4.285714

b,y_ddot_L,m/s^2,adams,0.159375,-3.809524

b,y_ddot_L,m/s^2,adams,0.161719,-2.857143

b,y_ddot_L,m/s^2,adams,0.164062,-3.095238

b,y_ddot_L,m/s^2,adams,0.166406,-3.333333

b,y_ddot_L,m/s^2,adams,0.16875,-3.095238

b,y_ddot_L,m/s^2,adams,0.171094,-2.380952

b,y_ddot_L,m/s^2,adams,0.173437,-2.619048

b,y_ddot_L,m/s^2,adams,0.175781,-3.095238

b,y_ddot_L,m/s^2,adams,0.178125,-4.761905

b,y_ddot_L,m/s^2,adams,0.180469,0.238095

b,y_ddot_L,m/s^2,adams,0.182812,4.285714

b,y_ddot_L,m/s^2,adams,0.182812,0.952381

b,y_ddot_L,m/s^2,adams,0.185156,1.190476

b,y_ddot_L,m/s^2,adams,0.189844,2.857143

b,y_ddot_L,m/s^2,adams,0.192187,3.095238

b,y_ddot_L,m/s^2,adams,0.194531,3.333333

b,y_ddot_L,m/s^2,adams,0.194531,0.0

b,y_ddot_L,m/s^2,adams,0.194531,-4.52381

b,y_ddot_L,m/s^2,adams,0.199219,0.0

b,y_ddot_L,m/s^2,adams,0.201563,5.47619

b,y_ddot_L,m/s^2,adams,0.201563,1.666667

b,y_ddot_L,m/s^2,adams,0.201563,-1.428571

b,y_ddot_L,m/s^2,adams,0.203906,7.619048

b,y_ddot_L,m/s^2,adams,0.203906,5.0

b,y_ddot_L,m/s^2,adams,0.20625,8.809524

b,y_ddot_L,m/s^2,adams,0.20625,5.238095

b,y_ddot_L,m/s^2,adams,0.208594,9.047619

b,y_ddot_L,m/s^2,adams,0.210938,8.333333

b,y_ddot_L,m/s^2,adams,0.210938,5.238095

b,y_ddot_L,m/s^2,adams,0.210938,1.904762

b,y_ddot_L,m/s^2,adams,0.213281,3.333333

b,y_ddot_L,m/s^2,adams,0.213281,0.952381

b,y_ddot_L,m/s^2,adams,0.215625,0.47619

b,y_ddot_L,m/s^2,adams,0.217969,0.47619

b,y_ddot_L,m/s^2,adams,0.220312,-0.952381

b,y_ddot_L,m/s^2,adams,0.220312,-4.047619

b,y_ddot_L,m/s^2,adams,0.222656,-4.285714

b,y_ddot_L,m/s^2,adams,0.225,-0.952381

b,y_ddot_L,m/s^2,adams,0.225,-4.285714

b,y_ddot_L,m/s^2,adams,0.227344,4.047619

b,y_ddot_L,m/s^2,adams,0.227344,-0.714286

b,y_ddot_L,m/s^2,adams,0.229687,6.666667

b,y_ddot_L,m/s^2,adams,0.232031,6.428571

b,y_ddot_L,m/s^2,adams,0.234375,5.47619

b,y_ddot_L,m/s^2,adams,0.234375,3.333333

b,y_ddot_L,m/s^2,adams,0.234375,0.0

b,y_ddot_L,m/s^2,adams,0.236719,-4.047619

b,y_ddot_L,m/s^2,adams,0.24375,-5.238095

b,y_ddot_L,m/s^2,adams,0.246094,-5.0

b,y_ddot_L,m/s^2,adams,0.248437,-1.904762

b,y_ddot_L,m/s^2,adams,0.248437,-4.761905

b,y_ddot_L,m/s^2,adams,0.250781,-0.47619

b,y_ddot_L,m/s^2,adams,0.253125,-1.666667

b,y_ddot_L,m/s^2,adams,0.255469,-3.095238

b,y_ddot_L,m/s^2,adams,0.257812,-2.142857

b,y_ddot_L,m/s^2,adams,0.260156,-1.190476

b,y_ddot_L,m/s^2,adams,0.2625,-2.619048

b,y_ddot_L,m/s^2,adams,0.264844,-4.761905

b,y_ddot_L,m/s^2,adams,0.269531,-5.238095

b,y_ddot_L,m/s^2,adams,0.271875,-5.0

b,y_ddot_L,m/s^2,adams,0.283594,-4.047619

b,y_ddot_L,m/s^2,adams,0.285938,-2.857143

b,y_ddot_L,m/s^2,adams,0.288281,-1.666667

b,y_ddot_L,m/s^2,adams,0.290625,-2.857143

b,y_ddot_L,m/s^2,adams,0.295312,-3.809524

b,y_ddot_L,m/s^2,adams,0.297656,-0.47619

b,y_ddot_L,m/s^2,adams,0.297656,-3.571429

b,y_ddot_L,m/s^2,adams,0.3,-1.190476

b,y_ddot_L,m/s^2,adams,0.302344,0.0

b,y_ddot_L,m/s^2,adams,0.302344,-3.333333

b,y_ddot_L,m/s^2,adams,0.309375,-5.238095

b,y_ddot_L,m/s^2,adams,0.311719,-5.238095

b,y_ddot_L,m/s^2,adams,0.31875,-3.809524

b,y_ddot_L,m/s^2,adams,0.321094,-1.904762

b,y_ddot_L,m/s^2,adams,0.323437,-0.714286

b,y_ddot_L,m/s^2,adams,0.325781,-2.619048

b,y_ddot_L,m/s^2,adams,0.328125,-3.333333

b,y_ddot_L,m/s^2,adams,0.330469,-3.095238

b,y_ddot_L,m/s^2,liu,0.0,-5.0

b,y_ddot_L,m/s^2,liu,0.002344,-5.0

b,y_ddot_L,m/s^2,liu,0.004687,-5.0

b,y_ddot_L,m/s^2,liu,0.007031,-5.0

b,y_ddot_L,m/s^2,liu,0.009375,-5.0

b,y_ddot_L,m/s^2,liu,0.016406,-5.0

b,y_ddot_L,m/s^2,liu,0.01875,-1.904762

b,y_ddot_L,m/s^2,liu,0.01875,-4.761905

b,y_ddot_L,m/s^2,liu,0.021094,24.285714

b,y_ddot_L,m/s^2,liu,0.021094,21.190476

b,y_ddot_L,m/s^2,liu,0.021094,18.095238

b,y_ddot_L,m/s^2,liu,0.021094,14.761905

b,y_ddot_L,m/s^2,liu,0.021094,11.428571

b,y_ddot_L,m/s^2,liu,0.021094,8.095238

b,y_ddot_L,m/s^2,liu,0.021094,5.0

b,y_ddot_L,m/s^2,liu,0.021094,1.666667

b,y_ddot_L,m/s^2,liu,0.021094,-1.428571

b,y_ddot_L,m/s^2,liu,0.021094,-4.52381

b,y_ddot_L,m/s^2,liu,0.023438,25.925926

b,y_ddot_L,m/s^2,liu,0.023438,21.428571

b,y_ddot_L,m/s^2,liu,0.023438,17.857143

b,y_ddot_L,m/s^2,liu,0.023438,14.761905

b,y_ddot_L,m/s^2,liu,0.023438,12.380952

b,y_ddot_L,m/s^2,liu,0.025781,27.619048

b,y_ddot_L,m/s^2,liu,0.025781,25.0

b,y_ddot_L,m/s^2,liu,0.025781,21.666667

b,y_ddot_L,m/s^2,liu,0.025781,18.571429

b,y_ddot_L,m/s^2,liu,0.025781,15.47619

b,y_ddot_L,m/s^2,liu,0.028125,18.095238

b,y_ddot_L,m/s^2,liu,0.028125,15.238095

b,y_ddot_L,m/s^2,liu,0.028125,11.904762

b,y_ddot_L,m/s^2,liu,0.028125,8.809524

b,y_ddot_L,m/s^2,liu,0.030469,11.428571

b,y_ddot_L,m/s^2,liu,0.030469,8.809524

b,y_ddot_L,m/s^2,liu,0.030469,5.47619

b,y_ddot_L,m/s^2,liu,0.030469,2.142857

b,y_ddot_L,m/s^2,liu,0.030469,-0.952381

b,y_ddot_L,m/s^2,liu,0.032813,2.142857

b,y_ddot_L,m/s^2,liu,0.032813,-0.952381

b,y_ddot_L,m/s^2,liu,0.032813,-4.285714

b,y_ddot_L,m/s^2,liu,0.035156,-4.761905

b,y_ddot_L,m/s^2,liu,0.042187,-5.0

b,y_ddot_L,m/s^2,liu,0.044531,-5.714286

b,y_ddot_L,m/s^2,liu,0.044531,-8.571429

b,y_ddot_L,m/s^2,liu,0.044531,-11.904762

b,y_ddot_L,m/s^2,liu,0.046875,-8.809524

b,y_ddot_L,m/s^2,liu,0.046875,-11.904762

b,y_ddot_L,m/s^2,liu,0.049219,-5.714286

b,y_ddot_L,m/s^2,liu,0.049219,-8.809524

b,y_ddot_L,m/s^2,liu,0.049219,-12.142857

b,y_ddot_L,m/s^2,liu,0.051562,4.047619

b,y_ddot_L,m/s^2,liu,0.051562,0.714286

b,y_ddot_L,m/s^2,liu,0.051562,-2.619048

b,y_ddot_L,m/s^2,liu,0.051562,-5.0

b,y_ddot_L,m/s^2,liu,0.053906,13.333333

b,y_ddot_L,m/s^2,liu,0.053906,10.47619

b,y_ddot_L,m/s^2,liu,0.053906,7.142857

b,y_ddot_L,m/s^2,liu,0.053906,3.809524

b,y_ddot_L,m/s^2,liu,0.053906,0.714286

b,y_ddot_L,m/s^2,liu,0.05625,13.809524

b,y_ddot_L,m/s^2,liu,0.05625,10.714286

b,y_ddot_L,m/s^2,liu,0.058594,15.238095

b,y_ddot_L,m/s^2,liu,0.058594,12.142857

b,y_ddot_L,m/s^2,liu,0.060937,14.285714

b,y_ddot_L,m/s^2,liu,0.060937,11.904762

b,y_ddot_L,m/s^2,liu,0.060937,8.571429

b,y_ddot_L,m/s^2,liu,0.060937,5.238095

b,y_ddot_L,m/s^2,liu,0.060937,2.142857

b,y_ddot_L,m/s^2,liu,0.063281,7.619048

b,y_ddot_L,m/s^2,liu,0.063281,5.238095

b,y_ddot_L,m/s^2,liu,0.063281,1.904762

b,y_ddot_L,m/s^2,liu,0.063281,-1.190476

b,y_ddot_L,m/s^2,liu,0.063281,-4.285714

b,y_ddot_L,m/s^2,liu,0.065625,-4.52381

b,y_ddot_L,m/s^2,liu,0.072656,-4.761905

b,y_ddot_L,m/s^2,liu,0.075,-1.428571

b,y_ddot_L,m/s^2,liu,0.075,-4.52381

b,y_ddot_L,m/s^2,liu,0.077344,10.952381

b,y_ddot_L,m/s^2,liu,0.077344,8.333333

b,y_ddot_L,m/s^2,liu,0.077344,5.238095

b,y_ddot_L,m/s^2,liu,0.077344,1.904762

b,y_ddot_L,m/s^2,liu,0.077344,-1.428571

b,y_ddot_L,m/s^2,liu,0.077344,-4.285714

b,y_ddot_L,m/s^2,liu,0.079687,9.259259

b,y_ddot_L,m/s^2,liu,0.079687,5.0

b,y_ddot_L,m/s^2,liu,0.079687,1.904762

b,y_ddot_L,m/s^2,liu,0.082031,7.857143

b,y_ddot_L,m/s^2,liu,0.082031,4.52381

b,y_ddot_L,m/s^2,liu,0.082031,1.428571

b,y_ddot_L,m/s^2,liu,0.082031,-1.904762

b,y_ddot_L,m/s^2,liu,0.082031,-4.52381

b,y_ddot_L,m/s^2,liu,0.084375,-5.0

b,y_ddot_L,m/s^2,liu,0.086719,-5.0

b,y_ddot_L,m/s^2,liu,0.089063,-5.0

b,y_ddot_L,m/s^2,liu,0.096094,-5.0

b,y_ddot_L,m/s^2,liu,0.098437,-4.761905

b,y_ddot_L,m/s^2,liu,0.100781,4.285714

b,y_ddot_L,m/s^2,liu,0.100781,1.666667

b,y_ddot_L,m/s^2,liu,0.100781,-1.666667

b,y_ddot_L,m/s^2,liu,0.100781,-4.285714

b,y_ddot_L,m/s^2,liu,0.103125,11.428571

b,y_ddot_L,m/s^2,liu,0.103125,8.095238

b,y_ddot_L,m/s^2,liu,0.103125,4.761905

b,y_ddot_L,m/s^2,liu,0.103125,1.666667

b,y_ddot_L,m/s^2,liu,0.105469,14.52381

b,y_ddot_L,m/s^2,liu,0.105469,11.428571

b,y_ddot_L,m/s^2,liu,0.105469,8.571429

b,y_ddot_L,m/s^2,liu,0.107812,15.0

b,y_ddot_L,m/s^2,liu,0.107812,12.380952

b,y_ddot_L,m/s^2,liu,0.107812,9.761905

b,y_ddot_L,m/s^2,liu,0.110156,12.380952

b,y_ddot_L,m/s^2,liu,0.110156,9.047619

b,y_ddot_L,m/s^2,liu,0.110156,5.714286

b,y_ddot_L,m/s^2,liu,0.110156,2.619048

b,y_ddot_L,m/s^2,liu,0.1125,5.238095

b,y_ddot_L,m/s^2,liu,0.1125,2.619048

b,y_ddot_L,m/s^2,liu,0.1125,-0.47619

b,y_ddot_L,m/s^2,liu,0.1125,-3.333333

b,y_ddot_L,m/s^2,liu,0.114844,-4.047619

b,y_ddot_L,m/s^2,liu,0.117188,-6.904762

b,y_ddot_L,m/s^2,liu,0.119531,-8.571429

b,y_ddot_L,m/s^2,liu,0.121875,-5.952381

b,y_ddot_L,m/s^2,liu,0.121875,-8.571429

b,y_ddot_L,m/s^2,liu,0.124219,-5.238095

b,y_ddot_L,m/s^2,liu,0.126562,-3.095238

b,y_ddot_L,m/s^2,liu,0.128906,0.0

b,y_ddot_L,m/s^2,liu,0.128906,-2.857143

b,y_ddot_L,m/s^2,liu,0.13125,3.333333

b,y_ddot_L,m/s^2,liu,0.13125,0.238095

b,y_ddot_L,m/s^2,liu,0.133594,12.619048

b,y_ddot_L,m/s^2,liu,0.133594,10.0

b,y_ddot_L,m/s^2,liu,0.133594,6.666667

b,y_ddot_L,m/s^2,liu,0.133594,3.571429

b,y_ddot_L,m/s^2,liu,0.135937,13.333333

b,y_ddot_L,m/s^2,liu,0.135937,10.238095

b,y_ddot_L,m/s^2,liu,0.138281,12.380952

b,y_ddot_L,m/s^2,liu,0.138281,9.047619

b,y_ddot_L,m/s^2,liu,0.138281,6.428571

b,y_ddot_L,m/s^2,liu,0.140625,8.809524

b,y_ddot_L,m/s^2,liu,0.140625,4.047619

b,y_ddot_L,m/s^2,liu,0.142969,4.285714

b,y_ddot_L,m/s^2,liu,0.145312,5.952381

b,y_ddot_L,m/s^2,liu,0.145312,2.857143

b,y_ddot_L,m/s^2,liu,0.145312,-0.47619

b,y_ddot_L,m/s^2,liu,0.145312,-3.571429

b,y_ddot_L,m/s^2,liu,0.147656,-0.714286

b,y_ddot_L,m/s^2,liu,0.147656,-3.333333

b,y_ddot_L,m/s^2,liu,0.15,-2.142857

b,y_ddot_L,m/s^2,liu,0.152344,-2.857143

b,y_ddot_L,m/s^2,liu,0.154688,-4.047619

b,y_ddot_L,m/s^2,liu,0.157031,-5.0

b,y_ddot_L,m/s^2,liu,0.164062,-4.761905

b,y_ddot_L,m/s^2,liu,0.166406,-1.904762

b,y_ddot_L,m/s^2,liu,0.16875,0.238095

b,y_ddot_L,m/s^2,liu,0.171094,-0.952381

b,y_ddot_L,m/s^2,liu,0.173437,-1.428571

b,y_ddot_L,m/s^2,liu,0.173437,-4.047619

b,y_ddot_L,m/s^2,liu,0.175781,-5.0

b,y_ddot_L,m/s^2,liu,0.182812,8.571429

b,y_ddot_L,m/s^2,liu,0.182812,5.952381

b,y_ddot_L,m/s^2,liu,0.182812,2.619048

b,y_ddot_L,m/s^2,liu,0.182812,-0.47619

b,y_ddot_L,m/s^2,liu,0.182812,-4.047619

b,y_ddot_L,m/s^2,liu,0.185156,7.380952

b,y_ddot_L,m/s^2,liu,0.185156,3.095238

b,y_ddot_L,m/s^2,liu,0.1875,9.52381

b,y_ddot_L,m/s^2,liu,0.1875,7.142857

b,y_ddot_L,m/s^2,liu,0.1875,3.809524

b,y_ddot_L,m/s^2,liu,0.1875,-1.721612

b,y_ddot_L,m/s^2,liu,0.189844,4.285714

b,y_ddot_L,m/s^2,liu,0.189844,-1.666667

b,y_ddot_L,m/s^2,liu,0.192187,6.450216

b,y_ddot_L,m/s^2,liu,0.192187,1.190476

b,y_ddot_L,m/s^2,liu,0.192187,-1.904762

b,y_ddot_L,m/s^2,liu,0.192187,-4.285714

b,y_ddot_L,m/s^2,liu,0.194531,8.095238

b,y_ddot_L,m/s^2,liu,0.194531,4.761905

b,y_ddot_L,m/s^2,liu,0.194531,1.666667

b,y_ddot_L,m/s^2,liu,0.194531,-1.666667

b,y_ddot_L,m/s^2,liu,0.196875,4.285714

b,y_ddot_L,m/s^2,liu,0.196875,-1.517857

b,y_ddot_L,m/s^2,liu,0.199219,-5.0

b,y_ddot_L,m/s^2,liu,0.201563,0.0

b,y_ddot_L,m/s^2,liu,0.201563,-3.333333

b,y_ddot_L,m/s^2,liu,0.203906,6.190476

b,y_ddot_L,m/s^2,liu,0.203906,3.333333

b,y_ddot_L,m/s^2,liu,0.203906,0.0

b,y_ddot_L,m/s^2,liu,0.203906,-2.857143

b,y_ddot_L,m/s^2,liu,0.20625,4.702381

b,y_ddot_L,m/s^2,liu,0.208594,6.190476

b,y_ddot_L,m/s^2,liu,0.208594,3.571429

b,y_ddot_L,m/s^2,liu,0.210938,9.047619

b,y_ddot_L,m/s^2,liu,0.210938,6.666667

b,y_ddot_L,m/s^2,liu,0.210938,3.809524

b,y_ddot_L,m/s^2,liu,0.213281,6.904762

b,y_ddot_L,m/s^2,liu,0.215625,8.095238

b,y_ddot_L,m/s^2,liu,0.215625,5.238095

b,y_ddot_L,m/s^2,liu,0.215625,1.904762

b,y_ddot_L,m/s^2,liu,0.215625,-1.428571

b,y_ddot_L,m/s^2,liu,0.215625,-4.285714

b,y_ddot_L,m/s^2,liu,0.217969,-3.333333

b,y_ddot_L,m/s^2,liu,0.220312,3.571429

b,y_ddot_L,m/s^2,liu,0.220312,0.952381

b,y_ddot_L,m/s^2,liu,0.220312,-2.142857

b,y_ddot_L,m/s^2,liu,0.222656,2.653061

b,y_ddot_L,m/s^2,liu,0.225,1.845238

b,y_ddot_L,m/s^2,liu,0.225,-1.904762

b,y_ddot_L,m/s^2,liu,0.227344,-2.619048

b,y_ddot_L,m/s^2,liu,0.227344,-5.0

b,y_ddot_L,m/s^2,liu,0.229687,-4.52381

b,y_ddot_L,m/s^2,liu,0.232031,1.428571

b,y_ddot_L,m/s^2,liu,0.232031,-2.809524

b,y_ddot_L,m/s^2,liu,0.234375,4.047619

b,y_ddot_L,m/s^2,liu,0.234375,1.666667

b,y_ddot_L,m/s^2,liu,0.236719,2.116402

b,y_ddot_L,m/s^2,liu,0.236719,-2.142857

b,y_ddot_L,m/s^2,liu,0.236719,-4.761905

b,y_ddot_L,m/s^2,liu,0.239062,1.564626

b,y_ddot_L,m/s^2,liu,0.239062,-3.27381

b,y_ddot_L,m/s^2,liu,0.241406,1.428571

b,y_ddot_L,m/s^2,liu,0.241406,-1.904762

b,y_ddot_L,m/s^2,liu,0.241406,-4.761905

b,y_ddot_L,m/s^2,liu,0.24375,3.116883

b,y_ddot_L,m/s^2,liu,0.24375,-1.904762

b,y_ddot_L,m/s^2,liu,0.246094,2.197802

b,y_ddot_L,m/s^2,liu,0.246094,-3.333333

b,y_ddot_L,m/s^2,liu,0.248437,-0.238095

b,y_ddot_L,m/s^2,liu,0.248437,-3.571429

b,y_ddot_L,m/s^2,liu,0.250781,-5.0

b,y_ddot_L,m/s^2,liu,0.253125,-5.0

b,y_ddot_L,m/s^2,liu,0.255469,-5.0

b,y_ddot_L,m/s^2,liu,0.257812,-5.0

b,y_ddot_L,m/s^2,liu,0.260156,-5.0

b,y_ddot_L,m/s^2,liu,0.267187,-4.047619

b,y_ddot_L,m/s^2,liu,0.269531,-2.857143

b,y_ddot_L,m/s^2,liu,0.271875,-1.666667

b,y_ddot_L,m/s^2,liu,0.271875,-3.809524

b,y_ddot_L,m/s^2,liu,0.274219,-1.904762

b,y_ddot_L,m/s^2,liu,0.274219,-4.285714

b,y_ddot_L,m/s^2,liu,0.276562,-5.238095

b,y_ddot_L,m/s^2,liu,0.278906,-5.714286

b,y_ddot_L,m/s^2,liu,0.28125,-5.238095

b,y_ddot_L,m/s^2,liu,0.283594,-5.238095

b,y_ddot_L,m/s^2,liu,0.290625,-5.238095

b,y_ddot_L,m/s^2,liu,0.292969,-5.238095

b,y_ddot_L,m/s^2,liu,0.295312,-2.142857

b,y_ddot_L,m/s^2,liu,0.295312,-4.761905

b,y_ddot_L,m/s^2,liu,0.297656,7.142857

b,y_ddot_L,m/s^2,liu,0.297656,2.857143

b,y_ddot_L,m/s^2,liu,0.297656,-1.904762

b,y_ddot_L,m/s^2,liu,0.3,4.52381

b,y_ddot_L,m/s^2,liu,0.302344,7.142857

b,y_ddot_L,m/s^2,liu,0.302344,4.761905

b,y_ddot_L,m/s^2,liu,0.302344,1.428571

b,y_ddot_L,m/s^2,liu,0.302344,-1.666667

b,y_ddot_L,m/s^2,liu,0.302344,-4.761905

b,y_ddot_L,m/s^2,liu,0.304688,-1.904762

b,y_ddot_L,m/s^2,liu,0.304688,-5.0

b,y_ddot_L,m/s^2,liu,0.307031,-5.47619

b,y_ddot_L,m/s^2,liu,0.314062,-5.47619

b,y_ddot_L,m/s^2,liu,0.316406,-5.47619

b,y_ddot_L,m/s^2,liu,0.31875,-5.47619

b,y_ddot_L,m/s^2,liu,0.321094,-5.47619

b,y_ddot_L,m/s^2,liu,0.323437,-5.47619

b,y_ddot_L,m/s^2,liu,0.328125,-5.238095

b,y_ddot_L,m/s^2,liu,0.330469,-1.904762

b,y_ddot_L,m/s^2,liu,0.330469,-4.761905

b,y_ddot_L,m/s^2,liu,0.332813,-1.904762

c,gamma_dot,deg/s,adams,-0.001172,0.117647

c,gamma_dot,deg/s,adams,0.012891,0.0

c,gamma_dot,deg/s,adams,0.015234,0.0

c,gamma_dot,deg/s,adams,0.022266,-0.823529

c,gamma_dot,deg/s,adams,0.022266,-2.470588

c,gamma_dot,deg/s,adams,0.024609,-2.470588

c,gamma_dot,deg/s,adams,0.024609,-4.0

c,gamma_dot,deg/s,adams,0.026953,-4.117647

c,gamma_dot,deg/s,adams,0.029297,-4.352941

c,gamma_dot,deg/s,adams,0.033984,-2.941176

c,gamma_dot,deg/s,adams,0.045703,-2.470588

c,gamma_dot,deg/s,adams,0.048047,-0.823529

c,gamma_dot,deg/s,adams,0.050391,0.823529

c,gamma_dot,deg/s,adams,0.055078,2.0

c,gamma_dot,deg/s,adams,0.057422,2.117647

c,gamma_dot,deg/s,adams,0.059766,3.647059

c,gamma_dot,deg/s,adams,0.062109,3.647059

c,gamma_dot,deg/s,adams,0.066797,4.823529

c,gamma_dot,deg/s,adams,0.069141,4.823529

c,gamma_dot,deg/s,adams,0.078516,4.235294

c,gamma_dot,deg/s,adams,0.078516,2.588235

c,gamma_dot,deg/s,adams,0.080859,2.588235

c,gamma_dot,deg/s,adams,0.080859,0.941176

c,gamma_dot,deg/s,adams,0.080859,-0.588235

c,gamma_dot,deg/s,adams,0.083203,-0.588235

c,gamma_dot,deg/s,adams,0.083203,-2.235294

c,gamma_dot,deg/s,adams,0.083203,-3.882353

c,gamma_dot,deg/s,adams,0.099609,-3.882353

c,gamma_dot,deg/s,adams,0.101953,-3.882353

c,gamma_dot,deg/s,adams,0.106641,-2.470588

c,gamma_dot,deg/s,adams,0.111328,-0.941176

c,gamma_dot,deg/s,adams,0.113672,-0.823529

c,gamma_dot,deg/s,adams,0.118359,0.352941

c,gamma_dot,deg/s,adams,0.120703,1.882353

c,gamma_dot,deg/s,adams,0.123047,2.117647

c,gamma_dot,deg/s,adams,0.125391,2.235294

c,gamma_dot,deg/s,adams,0.127734,2.235294

c,gamma_dot,deg/s,adams,0.132422,2.705882

c,gamma_dot,deg/s,adams,0.134766,2.705882

c,gamma_dot,deg/s,adams,0.137109,4.352941

c,gamma_dot,deg/s,adams,0.139453,4.352941

c,gamma_dot,deg/s,adams,0.141797,5.529412

c,gamma_dot,deg/s,adams,0.144141,4.823529

c,gamma_dot,deg/s,adams,0.144141,3.176471

c,gamma_dot,deg/s,adams,0.146484,3.176471

c,gamma_dot,deg/s,adams,0.146484,1.058824

c,gamma_dot,deg/s,adams,0.148828,0.352941

c,gamma_dot,deg/s,adams,0.151172,0.117647

c,gamma_dot,deg/s,adams,0.153516,0.117647

c,gamma_dot,deg/s,adams,0.155859,0.235294

c,gamma_dot,deg/s,adams,0.158203,0.235294

c,gamma_dot,deg/s,adams,0.160547,-0.117647

c,gamma_dot,deg/s,adams,0.162891,-0.470588

c,gamma_dot,deg/s,adams,0.165234,-1.176471

c,gamma_dot,deg/s,adams,0.167578,-1.411765

c,gamma_dot,deg/s,adams,0.169922,-1.529412

c,gamma_dot,deg/s,adams,0.172266,-1.411765

c,gamma_dot,deg/s,adams,0.174609,-1.294118

c,gamma_dot,deg/s,adams,0.176953,-1.294118

c,gamma_dot,deg/s,adams,0.179297,-1.176471

c,gamma_dot,deg/s,adams,0.181641,-1.058824

c,gamma_dot,deg/s,adams,0.183984,-0.823529

c,gamma_dot,deg/s,adams,0.186328,0.117647

c,gamma_dot,deg/s,adams,0.188672,0.117647

c,gamma_dot,deg/s,adams,0.191016,0.235294

c,gamma_dot,deg/s,adams,0.193359,-0.235294

c,gamma_dot,deg/s,adams,0.195703,-0.823529

c,gamma_dot,deg/s,adams,0.198047,-0.941176

c,gamma_dot,deg/s,adams,0.200391,-1.058824

c,gamma_dot,deg/s,adams,0.202734,-1.647059

c,gamma_dot,deg/s,adams,0.205078,-2.470588

c,gamma_dot,deg/s,adams,0.207422,-2.235294

c,gamma_dot,deg/s,adams,0.212109,-0.941176

c,gamma_dot,deg/s,adams,0.214453,-0.588235

c,gamma_dot,deg/s,adams,0.216797,-0.117647

c,gamma_dot,deg/s,adams,0.219141,0.235294

c,gamma_dot,deg/s,adams,0.221484,0.352941

c,gamma_dot,deg/s,adams,0.223828,0.470588

c,gamma_dot,deg/s,adams,0.226172,0.470588

c,gamma_dot,deg/s,adams,0.228516,0.823529

c,gamma_dot,deg/s,adams,0.230859,1.294118

c,gamma_dot,deg/s,adams,0.233203,1.529412

c,gamma_dot,deg/s,adams,0.237891,2.588235

c,gamma_dot,deg/s,adams,0.240234,2.470588

c,gamma_dot,deg/s,adams,0.247266,2.588235

c,gamma_dot,deg/s,adams,0.249609,2.0

c,gamma_dot,deg/s,adams,0.251953,0.941176

c,gamma_dot,deg/s,adams,0.254297,-0.235294

c,gamma_dot,deg/s,adams,0.256641,-0.941176

c,gamma_dot,deg/s,adams,0.258984,-1.764706

c,gamma_dot,deg/s,adams,0.261328,-2.666667

c,gamma_dot,deg/s,adams,0.263672,-3.529412

c,gamma_dot,deg/s,adams,0.266016,-3.647059

c,gamma_dot,deg/s,adams,0.268359,-3.647059

c,gamma_dot,deg/s,adams,0.275391,-3.764706

c,gamma_dot,deg/s,adams,0.277734,-3.764706

c,gamma_dot,deg/s,adams,0.280078,-3.764706

c,gamma_dot,deg/s,adams,0.282422,-3.764706

c,gamma_dot,deg/s,adams,0.284766,-3.764706

c,gamma_dot,deg/s,adams,0.287109,-4.235294

c,gamma_dot,deg/s,adams,0.289453,-4.588235

c,gamma_dot,deg/s,adams,0.289453,-5.764706

c,gamma_dot,deg/s,adams,0.291797,-6.117647

c,gamma_dot,deg/s,adams,0.294141,-6.470588

c,gamma_dot,deg/s,adams,0.296484,-6.470588

c,gamma_dot,deg/s,adams,0.298828,-6.588235

c,gamma_dot,deg/s,adams,0.298828,-8.117647

c,gamma_dot,deg/s,adams,0.301172,-8.117647

c,gamma_dot,deg/s,adams,0.303516,-9.647059

c,gamma_dot,deg/s,adams,0.305859,-9.647059

c,gamma_dot,deg/s,adams,0.308203,-9.647059

c,gamma_dot,deg/s,adams,0.310547,-9.647059

c,gamma_dot,deg/s,adams,0.312891,-9.647059

c,gamma_dot,deg/s,adams,0.315234,-9.647059

c,gamma_dot,deg/s,adams,0.317578,-9.647059

c,gamma_dot,deg/s,adams,0.319922,-9.764706

c,gamma_dot,deg/s,adams,0.322266,-10.823529

c,gamma_dot,deg/s,adams,0.324609,-11.529412

c,gamma_dot,deg/s,adams,0.324609,-12.941176

c,gamma_dot,deg/s,adams,0.326953,-13.529412

c,gamma_dot,deg/s,adams,0.329297,-14.235294

c,gamma_dot,deg/s,adams,0.331641,-14.941176

c,gamma_dot,deg/s,liu,0.001172,0.0

c,gamma_dot,deg/s,liu,0.003516,0.0

c,gamma_dot,deg/s,liu,0.005859,0.0

c,gamma_dot,deg/s,liu,0.008203,0.0

c,gamma_dot,deg/s,liu,0.010547,0.0

c,gamma_dot,deg/s,liu,0.017578,0.0

c,gamma_dot,deg/s,liu,0.019922,0.0

c,gamma_dot,deg/s,liu,0.022266,-0.235294

c,gamma_dot,deg/s,liu,0.022266,-1.647059

c,gamma_dot,deg/s,liu,0.024609,-1.647059

c,gamma_dot,deg/s,liu,0.024609,-3.176471

c,gamma_dot,deg/s,liu,0.024609,-4.588235

c,gamma_dot,deg/s,liu,0.026953,-4.823529

c,gamma_dot,deg/s,liu,0.029297,-3.647059

c,gamma_dot,deg/s,liu,0.031641,-3.411765

c,gamma_dot,deg/s,liu,0.038672,-2.941176

c,gamma_dot,deg/s,liu,0.041016,-2.941176

c,gamma_dot,deg/s,liu,0.043359,-2.823529

c,gamma_dot,deg/s,liu,0.045703,-1.647059

c,gamma_dot,deg/s,liu,0.045703,-2.823529

c,gamma_dot,deg/s,liu,0.048047,0.0

c,gamma_dot,deg/s,liu,0.048047,-1.647059

c,gamma_dot,deg/s,liu,0.050391,1.176471

c,gamma_dot,deg/s,liu,0.050391,0.352941

c,gamma_dot,deg/s,liu,0.052734,1.176471

c,gamma_dot,deg/s,liu,0.055078,1.529412

c,gamma_dot,deg/s,liu,0.057422,2.823529

c,gamma_dot,deg/s,liu,0.059766,4.235294

c,gamma_dot,deg/s,liu,0.059766,3.176471

c,gamma_dot,deg/s,liu,0.062109,4.470588

c,gamma_dot,deg/s,liu,0.064453,4.705882

c,gamma_dot,deg/s,liu,0.071484,4.941176

c,gamma_dot,deg/s,liu,0.073828,4.941176

c,gamma_dot,deg/s,liu,0.076172,4.705882

c,gamma_dot,deg/s,liu,0.078516,4.705882

c,gamma_dot,deg/s,liu,0.078516,3.411765

c,gamma_dot,deg/s,liu,0.078516,1.764706

c,gamma_dot,deg/s,liu,0.078516,0.470588

c,gamma_dot,deg/s,liu,0.080859,1.764706

c,gamma_dot,deg/s,liu,0.080859,0.117647

c,gamma_dot,deg/s,liu,0.080859,-1.411765

c,gamma_dot,deg/s,liu,0.080859,-3.058824

c,gamma_dot,deg/s,liu,0.083203,-1.764706

c,gamma_dot,deg/s,liu,0.083203,-3.058824

c,gamma_dot,deg/s,liu,0.087891,-3.764706

c,gamma_dot,deg/s,liu,0.090234,-3.764706

c,gamma_dot,deg/s,liu,0.092578,-3.764706

c,gamma_dot,deg/s,liu,0.094922,-3.764706

c,gamma_dot,deg/s,liu,0.101953,-3.529412

c,gamma_dot,deg/s,liu,0.104297,-3.294118

c,gamma_dot,deg/s,liu,0.106641,-1.882353

c,gamma_dot,deg/s,liu,0.106641,-2.941176

c,gamma_dot,deg/s,liu,0.108984,-1.647059

c,gamma_dot,deg/s,liu,0.111328,-0.588235

c,gamma_dot,deg/s,liu,0.113672,-0.470588

c,gamma_dot,deg/s,liu,0.116016,-0.352941

c,gamma_dot,deg/s,liu,0.118359,-0.235294

c,gamma_dot,deg/s,liu,0.120703,1.058824

c,gamma_dot,deg/s,liu,0.123047,1.411765

c,gamma_dot,deg/s,liu,0.125391,1.882353

c,gamma_dot,deg/s,liu,0.127734,2.0

c,gamma_dot,deg/s,liu,0.130078,2.117647

c,gamma_dot,deg/s,liu,0.132422,2.352941

c,gamma_dot,deg/s,liu,0.134766,3.294118

c,gamma_dot,deg/s,liu,0.137109,3.529412

c,gamma_dot,deg/s,liu,0.139453,4.823529

c,gamma_dot,deg/s,liu,0.139453,3.882353

c,gamma_dot,deg/s,liu,0.141797,5.058824

c,gamma_dot,deg/s,liu,0.144141,4.0

c,gamma_dot,deg/s,liu,0.146484,3.647059

c,gamma_dot,deg/s,liu,0.146484,2.352941

c,gamma_dot,deg/s,liu,0.148828,1.058824

c,gamma_dot,deg/s,liu,0.151172,0.705882

c,gamma_dot,deg/s,liu,0.151172,-0.352941

c,gamma_dot,deg/s,liu,0.153516,-0.588235

c,gamma_dot,deg/s,liu,0.155859,-0.705882

c,gamma_dot,deg/s,liu,0.158203,-0.705882

c,gamma_dot,deg/s,liu,0.165234,-0.823529

c,gamma_dot,deg/s,liu,0.167578,-0.705882

c,gamma_dot,deg/s,liu,0.169922,-0.470588

c,gamma_dot,deg/s,liu,0.172266,-0.470588

c,gamma_dot,deg/s,liu,0.174609,-0.352941

c,gamma_dot,deg/s,liu,0.179297,-0.235294

c,gamma_dot,deg/s,liu,0.181641,-0.235294

c,gamma_dot,deg/s,liu,0.183984,-0.235294

c,gamma_dot,deg/s,liu,0.186328,-0.352941

c,gamma_dot,deg/s,liu,0.188672,-1.058824

c,gamma_dot,deg/s,liu,0.191016,-1.176471

c,gamma_dot,deg/s,liu,0.193359,-1.72549

c,gamma_dot,deg/s,liu,0.195703,-2.470588

c,gamma_dot,deg/s,liu,0.198047,-2.588235

c,gamma_dot,deg/s,liu,0.200391,-2.588235

c,gamma_dot,deg/s,liu,0.205078,-1.882353

c,gamma_dot,deg/s,liu,0.207422,-1.411765

c,gamma_dot,deg/s,liu,0.209766,-0.588235

c,gamma_dot,deg/s,liu,0.209766,-1.294118

c,gamma_dot,deg/s,liu,0.212109,-0.352941

c,gamma_dot,deg/s,liu,0.214453,0.117647

c,gamma_dot,deg/s,liu,0.219141,0.705882

c,gamma_dot,deg/s,liu,0.221484,0.941176

c,gamma_dot,deg/s,liu,0.223828,1.294118

c,gamma_dot,deg/s,liu,0.226172,1.529412

c,gamma_dot,deg/s,liu,0.228516,1.882353

c,gamma_dot,deg/s,liu,0.230859,1.882353

c,gamma_dot,deg/s,liu,0.233203,2.0

c,gamma_dot,deg/s,liu,0.235547,2.117647

c,gamma_dot,deg/s,liu,0.237891,2.235294

c,gamma_dot,deg/s,liu,0.240234,2.823529

c,gamma_dot,deg/s,liu,0.242578,2.470588

c,gamma_dot,deg/s,liu,0.242578,1.058824

c,gamma_dot,deg/s,liu,0.244922,2.117647

c,gamma_dot,deg/s,liu,0.244922,0.117647

c,gamma_dot,deg/s,liu,0.244922,-2.0

c,gamma_dot,deg/s,liu,0.247266,-1.529412

c,gamma_dot,deg/s,liu,0.249609,-2.588235

c,gamma_dot,deg/s,liu,0.254297,-2.823529

c,gamma_dot,deg/s,liu,0.256641,-2.823529

c,gamma_dot,deg/s,liu,0.258984,-2.941176

c,gamma_dot,deg/s,liu,0.261328,-2.941176

c,gamma_dot,deg/s,liu,0.263672,-2.941176

c,gamma_dot,deg/s,liu,0.268359,-3.294118

c,gamma_dot,deg/s,liu,0.270703,-3.647059

c,gamma_dot,deg/s,liu,0.273047,-3.882353

c,gamma_dot,deg/s,liu,0.273047,-4.941176

c,gamma_dot,deg/s,liu,0.275391,-5.058824

c,gamma_dot,deg/s,liu,0.277734,-5.176471

c,gamma_dot,deg/s,liu,0.282422,-5.058824

c,gamma_dot,deg/s,liu,0.284766,-4.941176

c,gamma_dot,deg/s,liu,0.287109,-5.058824

c,gamma_dot,deg/s,liu,0.289453,-5.058824

c,gamma_dot,deg/s,liu,0.291797,-4.941176

c,gamma_dot,deg/s,liu,0.296484,-5.529412

c,gamma_dot,deg/s,liu,0.298828,-5.764706

c,gamma_dot,deg/s,liu,0.298828,-7.294118

c,gamma_dot,deg/s,liu,0.298828,-8.823529

c,gamma_dot,deg/s,liu,0.301172,-7.294118

c,gamma_dot,deg/s,liu,0.301172,-9.764706

c,gamma_dot,deg/s,liu,0.301172,-11.764706

c,gamma_dot,deg/s,liu,0.303516,-10.588235

c,gamma_dot,deg/s,liu,0.303516,-12.0

c,gamma_dot,deg/s,liu,0.305859,-12.235294

c,gamma_dot,deg/s,liu,0.308203,-12.235294

c,gamma_dot,deg/s,liu,0.312891,-12.352941

c,gamma_dot,deg/s,liu,0.315234,-12.235294

c,gamma_dot,deg/s,liu,0.317578,-12.235294

c,gamma_dot,deg/s,liu,0.319922,-12.235294

c,gamma_dot,deg/s,liu,0.322266,-12.235294

c,gamma_dot,deg/s,liu,0.329297,-12.352941

c,gamma_dot,deg/s,liu,0.331641,-12.352941

